Site,Site_nice
Nadap,Nadap
ParcoII,Parco II
HelgaAbri,Helga Abri
Zoeld,Zöld
Wilczyce10,Wilczyce 10
SantimamineSlnc,Santimamine Slnc
Klementowice20,Klementowice 20
TroudeChaleux,Trou de Chaleux
Pekarna,Pekarna
BoisLaiterie,Bois Laiterie
BoisRagot,Bois Ragot
BoisRagotniv5,Bois Ragot 5
GoughsCave,Gough’s Cave
Murat,Murat
PinHoleCave,Pin Hole Cave
Poggenwisch,Poggenwisch
Felsstalle,Felsställe
Kulna6,Kulna 6
SunHole,Sun Hole
Hostim,Hostim
SlotsengC,Slotseng C
RobinHoodsCave,Robin Hood’s Cave
HauteriveChampreveyres,Hauterive-Champréveyres
Imperatrice,Rocher de l’Impératrice
Meiendorf,Meiendorf
EtiollesQ31,Étiolles Q31
Mirkowice33,Mirkowice 33
ZigeunerfelsFG,Zigeunerfels FG
KentsCavern,Kent’s Cavern
LapadosCoelhos4,Lapa dos Coelhos 4
ThreeHolesCave,Three Holes Cave
SlotsengB,Slotseng B
AbriNeumuhle,Abri Neumühle
GrottaClusantin,Grotta Clusantin
AhrenshoeftLA58d,Ahrenshöft LA 58d
LeCloseauLocus4,Le Closeau 4
ZigeunerfelsDE,Zigeunerfels DE
PixiesHole,Pixie’s Hole
HortdelaBoquera,Hort de la Boquera
Weitsche,Weitsche
AntonKobaVIII,Anton Koba VIII
LapadosCoelhos3,Lapa dos Coelhos 3
GrottedeBichon,Grotte de Bichon
WestelbeersZW,Westelbeers ZW
Seewaende,Seewände
Kulna4,Kulna 4
RiparoDalmeripossiblylayer15,Riparo Dalmeri 15
Elsbethen,Elsbethen
Rekem,Rekem
Roureda,Roureda
NowaBiala1,Nowa Biala 1
Unken,Unken
MotherGrundysParlour,Mother Grundy’s Parlour
RiparoDalmeriUpperlayers,Riparo Dalmeri (upper layers)
Rotnowo18ll,Rotnowo 18ll
Trollesgave,Trollesgave
MilheezeHutseberg2,Milheeze Hutseberg 2
Witow5Cassemblage1,Witow 5C (assemblage 1)
Rotnowo18,Rotnowo 18
Bromme,Bromme
LeCloseauLocus14,Le Closeau 14
Fariseu4,Fariseu 4
FariseuSU4,Fariseu SU 4
CingledelAigua,Cingle de l'Aigua
LaCogolaSU19,La Cogola SU 19
LosAzulesUnit3,Los Azules Unit 3
Remouchamps,Remouchamps
PortdePenne,Port de Penne
PaluEchen,Palu Echen
WojnowoAcutIII75,Wojnowo Acut III 75
Kochlew1,Kochlew 1
Pena14,Peña 14
Perro2,Perro 2
Altwasser,Altwasser
ThreeWaysWharfCWest,Three Ways Wharf C West
BadBuchauKappel,Bad Buchau Kappel
SyltholmVII,Syltholm VII
Bocas0,Bocas 0
Alizay,Alizay
Kabeliai2,Kabeliai 2
Filador4,Filador 4
LaCogolaSU18,La Cogola SU 18
JagerhaushohleSchicht13,Jägerhaushöhle Schicht 13
RomagnanoLocIIIlayerAE,Romagnano III (Layer A-E)
Bolkow1,Bolkow 1
StarCarr,Star Carr
